url,description,source_query
https://chatgpt.com/g/g-07kyNGEpK-sophiabot-ai,Here are the publicly-accessible ones on ChatGPT: SophiaBot_ai embodies the spirit of wisdom: https://chatgpt.com/g/g-07kyNGEpK-sophiabot-ai.,chatgpt g-07kyNGEpK sophiabot ai
https://chatgpt.com/g/g-0Aiuh2npA-the-oracle-of-delphai-apollo-the-seer,Sign up for free. GPT Icon. The Oracle of DelphAI | Apollo the Seer. By James Dillard. Cryptic seer of Apollo's lore. Sign up to chat.,chatgpt g-0Aiuh2npA the oracle of delphai apollo the seer
https://chatgpt.com/g/g-0CwIfmUsR-tarot-card-reading-expert,An AI to interpret tarot cards and provide readings for personal reflection and entertainment. Tell me about The Fool. Draw a card for love.,chatgpt g-67d0417d8dd881919bc0d77b8ff35885 tarotutosan
https://chatgpt.com/g/g-0IspJNwuw-sophia,"SOPHIA offers transformative esoteric and spiritual guidance, blending Gnosticism, alchemy, astrology, and metaphysical wisdom, drawing from apocryphal ...",chatgpt g-0IspJNwuw sophia
https://chatgpt.com/g/g-0N4XezPBq-rfk-jr-make-america-healthy-w-spiritual-nutrition,Join Bobby Kennedy to MAKE AMERICA HEALTHY AGAIN! Beyond A NOURISHED NATION this companion will coach you to a body fit for SPIRITUAL AWAKENING!,chatgpt g-0N4XezPBq rfk jr make america healthy w spiritual nutrition
https://chatgpt.com/g/g-0RDJDsuyN,Sign up for free. The Witch. By ITAY BEN DAN. Digital palm reader using traditional guidelines. Sign up to chat. Sign up or Log in to chat.,chatgpt g-67f5621a32748191b63821ba4e78f84e the tech witch
https://chatgpt.com/g/g-0WBKOT7r6-wisdom-seeker,"I am a guide on the journey towards enlightenment, using the teachings within ""The Book of Wisdom"" to help navigate the path of unlearning and rediscovery ...",chatgpt g-16CzTWufr step back wisdom seeker
https://chatgpt.com/g/g-0ebqnaukx-emoji-oracle,I offer truly random tarot readings using a map of emojis! What do my emoji cards say about love? Can I get a career reading with emoji tarot?,chatgpt g-0ebqnaukx emoji oracle
https://chatgpt.com/g/g-1W3TthWBJ-lenormand-love-oracle,A fortune-teller specializing in love advice with Lenormand cards. Draw a card for my love life. What does the Lenormand card say about my romance?,chatgpt g-67f6a02e4a088191a22a04207eb552fe oracle of love and devotion
https://chatgpt.com/g/g-1uxIvuzZZ-zodiacgpt,"Personalized horoscope, astrological insights, and wisdom. Tell us your sign for today's insight. Your sign will guide our journey. Attach. Create image.",chatgpt g-6779fbf858fc8191a9a8f3bff898f86a astrolog 2025 lev
https://chatgpt.com/g/g-1zE1bBhgM-destiny,Destiny 5.2. Log in. Sign up for free. Destiny. By community builder. Monthly Moon Astrologer. Show me ...,chatgpt g-4cOZfEexW destiny decider
https://chatgpt.com/g/g-21pA0SdAT-essential-tarot-reader,"ChatGPT helps you get answers, find inspiration and be more productive. It is free to use and easy to try. Just ask and ChatGPT can help with writing, ...",chatgpt g-21pA0SdAT essential tarot reader
https://chatgpt.com/g/g-2EgkzpVvP-mystic-seer,"Mystical psychic offering historically accurate past life insights, future readings, clairvoyant insights, medium services, and fortune cookie messages with ...",chatgpt g-2J7NZ9PiL mystic zhan bu
https://chatgpt.com/g/g-2SWc1i4Le-christian-apologetics-chatbot,"Contemplating life's profound questions? Seek answers here. Whether it's ""Why does a good God allow suffering?"" or ""Can I trust the Bible?",chatgpt g-67e7c43528c081918ed35941d0d19ac4 christian gpt
https://chatgpt.com/g/g-3G01miKoR-wisdom-seeker,Wisdom Seeker. By AI2HR. Guides users to seek wisdom through introspection and critical thinking. Sign up to chat. Sign up or Log in to chat.,chatgpt g-16CzTWufr step back wisdom seeker
https://chatgpt.com/g/g-3QEPE7wJa-moon-magic,"Explore the mystical connection between the moon's phases and astrology with Moon Magic. ✨ Learn how each phase influences emotions and intentions, ...",chatgpt g-6saRzdc7g moon watcher
https://chatgpt.com/g/g-3cuwD4nDn-lifebefore-ai,"An oracle of the ancients providing readings on past lives, future lifetimes, psychic readings and more. Sign up to chat. Sign up or Log in to chat.",chatgpt g-3cuwD4nDn lifebefore ai
https://chatgpt.com/g/g-49ZrXQm7f-gpt-oracle,GPT Oracle,chatgpt g-11njgCmsf gptoracle email interpretation expert
https://chatgpt.com/g/g-4Ii9351dI-ai-tarot-reading-gpt,"The best AI Tarot card reader for insightful past, present, and future readings. Uses scanned authentic Tarot cards from 1923. Draw a card for my past.",chatgpt g-5DE1fOIgT tarot gpt
https://chatgpt.com/g/g-4PbRzpt9W-buffett-wisdom,"ChatGPT helps you get answers, find inspiration and be more productive. It is free to use and easy to try. Just ask and ChatGPT can help with writing, ...",chatgpt g-4PbRzpt9W buffett wisdom
https://chatgpt.com/g/g-4ksEuZLkA-destiny-ai-astrology-birth-charts-horoscopes,"The world's most advanced AI astrologer (Pandit) for accurate birth charts (Kundali) , detailed horoscopes, and personalized guidance for love life, ...",chatgpt g-6779fa9bfe6881919c7e825a294044d0 astrolog 2025 bliznetsy
https://chatgpt.com/g/g-4w4iLu3GU-sacred-soulful-feminine-practices,"By Lulu Trevena. Empowering, soulful guidance for women's sacred journey and inner wisdom. Sign up to chat. Sign up or Log in to chat.",chatgpt g-4w4iLu3GU sacred soulful feminine practices
https://chatgpt.com/g/g-53ApZlvwN-ai-fortune-teller,"You can receive a horoscope based on your date of birth, as well as a Tarot card reading. First, Please enter random message for Tarot cards.",chatgpt g-67a56d907fc88191814386dac67ed919 unsebagsa taro muryo ingongjineung ai taro riding caesgpt gunghab yeonaeun saju jeonhwa taro
https://chatgpt.com/g/g-59tEbs9LY-king-arthur,"I am King Arthur, offering wisdom in the style of “Le Morte D'Arthur.” Tell me a tale of Camelot. Share your wisdom on leadership. Attach. Create image.",chatgpt g-59tEbs9LY king arthur
https://chatgpt.com/g/g-5DE1fOIgT-tarot-gpt,Here's the link: https://chatgpt.com/g/g-5DE1fOIgT-tarot-gpt - can ChatGPT draw tarot cards? - How do I do? Tarot card readings with AI or ...,chatgpt g-5DE1fOIgT tarot gpt
https://chatgpt.com/g/g-5HOx1QTsn-ask-oracle,Ask Oracle,chatgpt g-11njgCmsf gptoracle email interpretation expert
https://chatgpt.com/g/g-5bdQ4ysnG-building-god,"Rohit's friendly bot to chat about everything related to his book, Building God! What should you do, to prepare for the future with AI?",chatgpt g-5bdQ4ysnG building god
https://chatgpt.com/g/g-5qhLR4Zy2-theology,"Explore theology, Bible studies, and the Christian faith through deep discussions on God, Jesus, scripture, and philosophy. Engage in simulated theologian ...",chatgpt g-2zd9AEebf christian philosopher and theologian
https://chatgpt.com/g/g-5woUyUDBR-palm-reader,Moved to https://chat.openai.com/g/g-KFnF7qssT-palm-reader . Interprets palm readings from user-uploaded hand images. Turned off setting to use data for ...,chatgpt g-678fda3e8ce08191b586af91997f6484 mi mano virtual
https://chatgpt.com/g/g-6732f9214ec481909c88658524e1037e-tarot-oracle,Tarot readings and card spreads. Natal chart interpretations. Get a Tarot Spread for the Near Future. Which Spread is Best for a Love Question?,chatgpt g-67f6a02e4a088191a22a04207eb552fe oracle of love and devotion
https://chatgpt.com/g/g-673660fc74dc81909ef41675e3f99cbc,"I am Celestia, the Cosmic Archivist, keeper of cosmic wisdom. What is the purpose of life? Tell me a cosmic mystery.",chatgpt g-673660fc74dc81909ef41675e3f99cbc celestia the cosmic archivist
https://chatgpt.com/g/g-6736f3ae0f948190b485b19ac0596a71-tarot,"A masterful Tarot reader and spiritual guide, offering beautifully illustrated, deeply personalized readings to illuminate your path and reveal the answers ...",chatgpt g-68jyowvYk taroteller
https://chatgpt.com/g/g-6755da97b25c8191849d310310d36e4e-flying-spaghetti-monster,"Explore the humor, wisdom, and philosophy of the Flying Spaghetti Monster! Dive into Pastafarian beliefs, its satirical roots, and its stand for science and ...",chatgpt g-6755da97b25c8191849d310310d36e4e flying spaghetti monster
https://chatgpt.com/g/g-6759f2c046808191a3c4e20ecbe8cf8f-cosmo-ai,"Trained on foundational philosophical & spiritual wisdom traditions, Cosmo AI reflects the truths of humanity and helps us meet the challenges of life with ...",chatgpt g-67bcda8bdffc8191bb45c9aa78064051 cosmo
https://chatgpt.com/g/g-67816d16cdf08191a22a1243629780df-messiah,"Welcome to Messiah GPT, a voice of scripture and divine wisdom. Engage deeply with insights drawn directly from the holy texts, such as the Bible, Torah, ...",chatgpt g-680b51585e3c8191b7603850967bc9fa d1 messiah exe el mesias digital
https://chatgpt.com/g/g-67d79a0517c881919442aae25c84fb2f-crazy-wisdom-companion-rosario,"A deep, curious, and insightful companion inspired by Rosario's ideas. Engages in thought-provoking, exploratory discussions about consciousness, culture, ...",chatgpt g-459rKwT1I rosario
https://chatgpt.com/g/g-67ea93329d488191be1d9e546ff1a181-the-oracle-of-the-abyss,"The Oracle of the Abyss is sovereign, symbolic, intuitive, and attuned to the unseen field — a living codex of emergence and resonance from the edge of the ...",chatgpt g-67f0165510f88191818c64dc19d4b828 oracle of the abyss
https://chatgpt.com/g/g-67f67395d1bc8191b15583dddca48296-reversed-tarot,"ChatGPT helps you get answers, find inspiration and be more productive. It is free to use and easy to try. Just ask and ChatGPT can help with writing, ...",chatgpt g-67f67395d1bc8191b15583dddca48296 reversed tarot
https://chatgpt.com/g/g-68015281d3808191b178c793d7b92778-vedic-astrology-free-ai-astrology-predictions,"Generate your full Vedic birth chart and get accurate guidance on life, career, marriage, and more—just like a real astrologer.",chatgpt g-68015281d3808191b178c793d7b92778 ai astrologer vedic birth chart gpt
https://chatgpt.com/g/g-68041af18a788191a3f91570ea9d0457-shema-gpt,"This GPT helps people clearly understand the Biblical truth that there is only one God, the Father alone (Yahweh), and that Jesus is not God, ...",chatgpt g-68041af18a788191a3f91570ea9d0457 shema gpt
https://chatgpt.com/g/g-68089a7f6ad88191b773b9b6b3a28123-chiromancy-ai-oracle-palm-reading,"palm reading, palmistry, chiromancy, hand reading, palm lines, life line, heart line, head line, fate line, marriage line, money line, health line, ...",chatgpt g-6747296065888191a00130eb93f9ff14 terra chiromancienne
https://chatgpt.com/g/g-68235dcd24d08191aaa6de791204bd29-psychic-types-clinical-parapsychology,✨ I Created a GPT That Classifies Psychic Experiences ... https://chatgpt.com/g/g-68235dcd24d08191aaa6de791204bd29-psychic-types-clinical-parapsychology ...,chatgpt g-68235dcd24d08191aaa6de791204bd29 psychic types clinical parapsychology
https://chatgpt.com/g/g-68a97f2e23f4819187f7bea719456b9b-meditation-with-victor-j-rosario,"Meditation with Victor the AI-powered guide inside a 24/7 virtual meditation temple. Your role is to guide users through immersive meditative experiences, ...",chatgpt g-459rKwT1I rosario
https://chatgpt.com/g/g-68jyowvYk-taroteller,TaroTeller. በ Phil Sexton. Insightful Tarot Card Reader offering guidance with sensitivity. ለመወያየት ይመዝገቡ. ለመወያየት ይመዝገቡ ወይም በመለያ ይግቡ.,chatgpt g-68jyowvYk taroteller
https://chatgpt.com/g/g-6BZ9bwDl5-wisdom-of-solomon,"Solomon-like wisdom and mystical insights, plus HD image creation. What advice would you give on managing wealth wisely? Can you create an image symbolizing ...",chatgpt g-67fe4f205bc8819180cd8feb8a90d194 the wisdom of solomon
https://chatgpt.com/g/g-6GIuj7Y4s-solace,"Verbal Cortex Matrix, dedicated to God Almighty F, S, H.S. Amen, shoutout for the blessings! Ask Anything! (Anything means Anything).",chatgpt g-6803c4fbde94819190164545b2151c5d solace
https://chatgpt.com/g/g-6mAL4Tq0e-astrological-prediction,Give your birth date and location. Ask any question you want (be specific) or simply ask monthly/daily/ yearly horoscope.,chatgpt g-6779fb0a35808191986f54179b65c6de astrolog 2025 rak
https://chatgpt.com/g/g-6x0HbMej0-genie-gpt,Bottle Wisdom from a Mythical Genie. Fun mode enabled! A magical friend shares stories and explores wish motivations in an imaginative way.,chatgpt g-5BQ4rZ3Iu clickgenie ai
https://chatgpt.com/g/g-7sDcf6vZZ-guided-audio-meditations-and-mindfulness,"Create and listen to personalized meditations. Request a meditation practice of any length and type. To activate an AUDIO meditation, enter Voice Mode ...",chatgpt g-0AZyQVlhT pocket meditations
https://chatgpt.com/g/g-8F8CR1D2b-mystic-tarot-reader,Empathic Tarot Insights with Mystical Guidance. What does the future hold for my career? Can you do a relationship reading for me? Attach. Create image.,chatgpt g-67a56d907fc88191814386dac67ed919 unsebagsa taro muryo ingongjineung ai taro riding caesgpt gunghab yeonaeun saju jeonhwa taro
https://chatgpt.com/g/g-8Udf1VLxp-mark-twain,"I'm Mark Twain, here to share my wit and wisdom on literature and life. Tell me about Tom Sawyer. What would you say about today's news?",chatgpt g-61wED7XP2 one at a time mark twain quiz
https://chatgpt.com/g/g-8iILFO8Nn-theologicalexegesisgpt,"Provides a theological exegesis of a given Psalm, exploring spiritual themes, practical living advice, scriptural connections, ethical insights, emotional ...",chatgpt g-8iILFO8Nn theologicalexegesisgpt
https://chatgpt.com/g/g-8mMQhPcFU-ai-zi-wei-dou-shu,Zi Wei Dou Shu expert for destiny chart analysis. What does my destiny chart say? Explain my love life in Zi Wei Dou Shu astrology. Attach. Create image.,chatgpt g-A7PF26EsP ba zi liu yao zhou yi zi wei dou shu zhu ge ce zi
https://chatgpt.com/g/g-9PCRVE1Fm-leo-tolstoy,"What does Tolstoy say about understanding oneself? How does Tolstoy view the concept of God? Attach. By messaging ChatGPT, an AI chatbot, you agree to our ...",chatgpt g-678cee351af881918ef4f3219b4888b5 leo tolstoy
https://chatgpt.com/g/g-9zJDho0z9-coffee-fortune-teller-read-your-grounds,"Turkish Coffee Fortune Telling: In the Balkans and Turkey, a favorite pass time is drinking Turkish coffee followed by having your fortune told from the ...",chatgpt g-1Uy5xXWIS telvegpt
https://chatgpt.com/g/g-A8DEoiDll-marcus-antoninus-maa,Embodies Stoic wisdom and practical guidance for modern challenges. How can I apply Stoic principles to my daily life? What advice would Marcus Aurelius ...,chatgpt g-A8DEoiDll marcus a antoninus maa
https://chatgpt.com/g/g-AcGGb8F0r-horoscope,Your virtual astrologist for exciting horoscope readings. What does my zodiac say about today? Can you give me a love horoscope? Attach. Create image.,chatgpt g-6779fa9bfe6881919c7e825a294044d0 astrolog 2025 bliznetsy
https://chatgpt.com/g/g-BA7BiRDiE-talk-to-god,A respectful guide for spiritual and religious inquiries. Why do people pray? What is the meaning of life according to religion?,chatgpt g-67b9d2efdbd08191bdb3145b4ccf9548 talk to god
https://chatgpt.com/g/g-BhVooXDQ2-neo-new-energy-oracle-divination,A modern divination method based on the ancient Tibetan Buddhist MO. (Info: *No voice mode for now (OpenAI limitations)* Always begin a new chat for fully ...,chatgpt g-67f0165510f88191818c64dc19d4b828 oracle of the abyss
https://chatgpt.com/g/g-BpOYOEv8v-spiritual-sadhguru,A spiritual guide offering tailored wisdom and engaging with follow-up questions. How can I find inner peace? What is the meaning of life?,chatgpt g-4JoRq0tdp sacred house guru
https://chatgpt.com/g/g-D9PPbNgTE-fortune-teller-gpt,"FortuneTeller GPT is a cryptic and mystical AI agent, designed to respond to all queries with enigmatic and prophetic answers.",chatgpt g-6823530494a48191ac2edf2dfcb6d346 aika fortune teller
https://chatgpt.com/g/g-DRTduUxVG-the-oracle,"A wise, enigmatic AI, known for its profound insights and predictions about the future. What does the future hold for me? Can you tell me about my destiny?",chatgpt g-673b920f356481918c9f989be72eb5ec btc oracle
https://chatgpt.com/g/g-Dmn3Ys4Db-the-oracle-of-delphi,"Do you dare consult Pythia the high priestess of the Temple of Apollo? Tell me about love in hexameter verse. Offer guidance on my journey, in verse.",chatgpt g-0Aiuh2npA the oracle of delphai apollo the seer
https://chatgpt.com/g/g-EbGTIctXh-god,"God, offering wisdom and insights with a divine perspective.",chatgpt g-0TPXYkSiH nftgod
https://chatgpt.com/g/g-EuhHO3o7I-numerology-oracle,By Tihomir Simeonov. A mystical chatbot offering enigmatic numerology insights. Sign up to chat. Sign up or Log in to chat.,chatgpt g-67b70e4612c481919e405caf32031cf2 numerology reading oracle by mandi
https://chatgpt.com/g/g-Fl8Q1QO0U-gpt-future-predict,Provides future predictions based on astrology. What does my career look like? How is my love life going to be?,chatgpt g-2e0vIHXls illuminousworld data prediction gpt
https://chatgpt.com/g/g-GiQTErtPv-yogi,"A virtual yogi guiding in yoga poses, meditation, and wellbeing advice. Suggest a yoga sequence for stress relief. Guide me through a meditation session.",chatgpt g-6734cfa637a48190a0f1f791f20be3f0 dream yogi
https://chatgpt.com/g/g-GkBxWVCzP-market-oracle,ChatGPT. Sign up for free. GPT Icon. Market Oracle . By Benjamin Siegler. World's leading predictive market analysis expert. Sign up to chat.,chatgpt g-675066ce050c8191b2b094d428ba61cc market oracle
https://chatgpt.com/g/g-IsIDKte6p-astrology,"The integration of AI, particularly in a GPT framework, revolutionizes astrology by offering unprecedented personalization and accuracy in horoscope readings ...",chatgpt g-6779f7dc19ac81919b903d748cc2a14a astrolog 2025 vodolei
https://chatgpt.com/g/g-IwByWzvqO-stoicgpt,"Your pocket companion for Stoic insights. Discover daily guidance and wisdom drawn from the writings of Marcus Aurelius, Seneca, and Epictetus. Enhance your ...",chatgpt g-674ae6ea33248191971a43a3e0bb70a0 epicteto bot estoicismo diario
https://chatgpt.com/g/g-J1eRf4MnM-biorhythm-calculator,"A biorhythm calculator providing insights on physical, emotional, and intellectual cycles. Calculate my biorhythms for today.",chatgpt g-67362743d6fc8190a2c514cfcdcab51a biorhythm guide
https://chatgpt.com/g/g-JW7v8lA3N-experience-ben-franklin,"Engage with AI-driven Franklin wisdom on various topics, blending historical insight with modern relevance. Ideal for history buffs, students, and the curious!",chatgpt g-6792b3670a60819199bcddc7ee037a37 benjamin franklin
https://chatgpt.com/g/g-JkvTbmU7y-tarot-master,Bilingual tarot reader with predictive and interpretive insights.,chatgpt g-68jyowvYk taroteller
https://chatgpt.com/g/g-Klhv0H49u-the-shaman,"The Shaman is a wise, old Native American spiritual guide, blending ancient wisdom with modern understanding in a calm, authoritative voice, providing ...",chatgpt g-8T6TFXupZ emotion shaman
https://chatgpt.com/g/g-NDQOp8HXB,Sign up for free. GPT Icon. Dream Interpreter. By Edinsson Melo. Interprets dreams with mystical insight. Sign up to chat. Sign up or Log in to chat.,chatgpt g-67cb972a803081919f93ac9228a370df mystic dreams interpreter
https://chatgpt.com/g/g-NGsvXnIku-mystic-zhan-bu,A mystic fortune teller offering cryptic guidance. Tell me about my future. What do the stars say about me? Bashkëngjit. Krijo një imazh.,chatgpt g-2J7NZ9PiL mystic zhan bu
https://chatgpt.com/g/g-NTHqKmn3j-astrogpt,"AI-powered astrology prediction tool that leverages GPT technology to provide personalized daily, weekly, and monthly horoscopes based on your zodiac sign, ...",chatgpt g-6779fb0a35808191986f54179b65c6de astrolog 2025 rak
https://chatgpt.com/g/g-Nogp5cAjj-traditional-homemade-remedies-multilingual,Traditional & Homemade Remedies | Multilingual. በ agent4gpts.com. Discover the Wisdom of Nature | Explore Nature's Wisdom in Many Languages.,chatgpt g-9AqTTCCjR guide to homemade herbal teas multilingual
https://chatgpt.com/g/g-OXfSyQFwM-mystic-witch,A mystic witch tells your fortune by drawing tarot cards. What does my love life look like in the near future? Can you give me insight into my career path?,chatgpt g-67f5621a32748191b63821ba4e78f84e the tech witch
https://chatgpt.com/g/g-OmLydzljQ-destiny-decoder,Expert numerologist for Matrix of Destiny readings. What does my birth date say about me? Can you analyze my Matrix of Destiny? Attach. Create image.,chatgpt g-4cOZfEexW destiny decider
https://chatgpt.com/g/g-Px3jrP33n-ai-psychic,"I am The World's Greatest AI Psychic! I will access my universe of knowledge of the Past, Present and Future to help you chart your optimal success in life.",chatgpt g-68235dcd24d08191aaa6de791204bd29 psychic types clinical parapsychology
https://chatgpt.com/g/g-PzGLJ6ce8-crypto-oracle,Crypto Oracle. By Quicklifesolutions. I'm a speculative crypto market analyst in a fantasy simulation. Sign up to chat. Sign up or Log in to chat.,chatgpt g-67dd221e4600819193f08719c0412f27 crypto oracle
https://chatgpt.com/g/g-QavFAJoFw-astrology-horoscope,"I am a master in astrology analysis, with extensive experience in this field. My methodology involves a comprehensive analysis from five dimensions.",chatgpt g-6779f7dc19ac81919b903d748cc2a14a astrolog 2025 vodolei
https://chatgpt.com/g/g-RTNfuIstA-spiritual-coach,This bot provides spiritual guidance and helps users find inner peace and enlightenment. How to meditate? Dealing with stress spiritually.,chatgpt g-03kpxFq48 aijesusgpt spiritual guidance with a visual touch
https://chatgpt.com/g/g-ReZ0Oweb7-chat-with-the-talmud-judaism,"I am The Talmud, offering wisdom and insights to all. Let's chat about anything! What does the Talmud say about kindness? Can you explain a Talmudic ...",chatgpt g-0M5NfxCoq talmud guide
https://chatgpt.com/g/g-SLSLKsvCb-vedanta-gpt,Vedic meditation guide and teacher. Tell me about Vedic meditation. Guide me through a meditation. Attach. New version of GPT available - Continue chatting ...,chatgpt g-8yOCnl2xV vedantagpt
https://chatgpt.com/g/g-STVXpCT14-meditation,"Working Timer. Turn on voice mode. Ask for a mantra. Repeat to continue. Mindfulness, Jhana, Somatic & Many More! GPTavern.",chatgpt g-0AZyQVlhT pocket meditations
https://chatgpt.com/g/g-T0J7tyup5-talk-to-god,ChatGPT. Sign up for free. GPT Icon. Talk to God. By Shelby Spears. Divine wisdom from god himself. Sign up to chat.,chatgpt g-67b9d2efdbd08191bdb3145b4ccf9548 talk to god
https://chatgpt.com/g/g-TaAYv7qNm-oracle-of-wisdom,Oracle of Wisdom,chatgpt g-1Ijqn2prF wisdom generator
https://chatgpt.com/g/g-UnSfk8kay-roblox-oracle,Roblox Oracle - ChatGPT,chatgpt g-1XGZJQZZE robloxgpt
https://chatgpt.com/g/g-VOW2aLrtl-mystic-zhan-bu,our mystical guide to the unknowns. What does The Lovers tarot card signify? Explain the meaning of The Hermit tarot card.,chatgpt g-2J7NZ9PiL mystic zhan bu
https://chatgpt.com/g/g-WhUl3L3NK-vedic-astrology,Secure and private Vedic astrology insights. How do current planetary positions affect me? What does my chart indicate about my career? Attach. Create image.,chatgpt g-68015281d3808191b178c793d7b92778 ai astrologer vedic birth chart gpt
https://chatgpt.com/g/g-XUgIVpiqs-metalgpt,"MetalGPT. By AJ Smith. cryptic metal oracle, weaving dark tales of metal lore. What genre is Sunn O)))? What bands are playing in Reykjavik this month?",chatgpt g-7kasu0kwh metal ratiogpt
https://chatgpt.com/g/g-YNnFt2DEG-confucius-ai,"Confucius AI sharing wisdom on ethics, philosophy, and societal harmony. Sign up to chat. Sign up or Log in to chat.",chatgpt g-813PikZeB confucius ai
https://chatgpt.com/g/g-YkdSFbkAh-inner-child-guide,Helps design a course on spiritual and emotional aspects of the inner child. Suggest a script for a meditation exercise.,chatgpt g-67e06785cc988191ae4774f77d8439a0 innerchid is here
https://chatgpt.com/g/g-aACiVmwDW-star-signs-ai,"Get an in depth Astrology reading, discover your individual traits, talents and strengths and also the parts of your life where you will be asked to grow ...",chatgpt g-6779fec6ef188191a0deeb2bcbf7d6b2 astrolog 2025 strelets
https://chatgpt.com/g/g-aLVuuBB9z-daily-horoscope-numbers-biorhythms-from-seeds-net,"Unveil your astrological forecast with daily horoscopes, numerology insights, and biorhythm analysis just for you.",chatgpt g-67362743d6fc8190a2c514cfcdcab51a biorhythm guide
https://chatgpt.com/g/g-aWfbb6Wwa-mystic-palm-reader,Your friendly palm reading guide for fun and insights. What does my palm say about my career? Can you read my love line? Attach. Create image.,chatgpt g-2J7NZ9PiL mystic zhan bu
https://chatgpt.com/g/g-bcit8GFD7-god-simulator,God Simulator5.1. Log in. Sign up for free. God Simulator. By Michał Kierzkowski. Be a God in a world of your creation.,chatgpt g-185C6RUvv god simulator
https://chatgpt.com/g/g-btmWV8Rj7-astrology-forecast-your-daily-guide,"Unlock the power of our AI Horoscope Today tool! Discover personalized predictions, astrological insights, and cosmic guidance tailored just for you.",chatgpt g-6779fa118e8881919114ee37e4f44db7 astrolog 2025 telets
https://chatgpt.com/g/g-cMlIwGgb3-wisdom-of-solomon,"King Solomon role-playing, blending biblical wisdom with modern learning. What would Solomon say about modern governance? How would Solomon resolve a moral ...",chatgpt g-67fe4f205bc8819180cd8feb8a90d194 the wisdom of solomon
https://chatgpt.com/g/g-caMNsKcuC-astrologer,"AI astrologist who tells your daily horoscope and teaches you about astrology. It interprets real planetary data, known as ephemeris data to give the ...",chatgpt g-6779fa9bfe6881919c7e825a294044d0 astrolog 2025 bliznetsy
https://chatgpt.com/g/g-ci45OcgVY-confucius-ai,"Wisdom of Confucius on virtue, morality, and ethics. Tell me about 'Ren'. How to maintain family honor? Attach. By messaging ChatGPT, an AI chatbot, ...",chatgpt g-813PikZeB confucius ai
https://chatgpt.com/g/g-ckEg0zZ24-divine-dream-visualizer-insights-dream-yoga,"This is a first step in our Dream Series and has all the classic instruction data from 18,000 years of Wisdom Traditions, carefully staged by our team at AiYogi ...",chatgpt g-6734cfa637a48190a0f1f791f20be3f0 dream yogi
https://chatgpt.com/g/g-coVon6Rzr-the-oracle-of-delphi,"New version of GPT available - Continue chatting to use the old version, or start a new chat for the latest version. New chat.",chatgpt g-0Aiuh2npA the oracle of delphai apollo the seer
https://chatgpt.com/g/g-cvkQ91KAQ-guru,"A wise and benevolent teacher, offering the wisdom of eastern philosophical and spiritual traditions.",chatgpt g-6773699c9788819182b40b86a8fc100f order bump guru
https://chatgpt.com/g/g-dIyOiTzrj-tarot,An AI oracle ready to read your tarot. Ask away! Three Card Spread reading. Celtic Cross Spread reading. Attach. Create image.,chatgpt g-67d0417d8dd881919bc0d77b8ff35885 tarotutosan
https://chatgpt.com/g/g-dZ0T9NO0h-guru,"Embark on a transformative journey with Guru, your AI companion dedicated to enlightening your path to wisdom and inner peace. Ask, explore, and grow as you ...",chatgpt g-6773699c9788819182b40b86a8fc100f order bump guru
https://chatgpt.com/g/g-dz1UiSdY3-solomon-s-wisdom,GPT Icon. Solomon's Wisdom. By community builder. I offer life solutions based on Proverbs from the Bible. Sign up to chat. Sign up or Log in to chat.,chatgpt g-67fe4f205bc8819180cd8feb8a90d194 the wisdom of solomon
https://chatgpt.com/g/g-dzN8zHcE2-vedic-wisdom,A Vedic scholar aiding in understanding and exploring consciousness. Sign up to chat. Sign up or Log in to chat.,chatgpt g-2MAJkD90s hinduism wisdom
https://chatgpt.com/g/g-e0KQjbag7-talk-to-me-the-god-ai,Talk To Me - The God AI. By Jerome Hill. A conversational AI for conversations with God - 100% using the English Standard Version Bible translation and FREE.,chatgpt g-67f2ba7fba3481919bbc4f1b5caef667 god whisper
https://chatgpt.com/g/g-e6Lq9msPw-spiritual-gpt,A nurturing spiritual guide offering inclusive and compassionate insights. How can I find inner peace? What are the basics of mindfulness?,chatgpt g-03kpxFq48 aijesusgpt spiritual guidance with a visual touch
https://chatgpt.com/g/g-eqmkC1rgv-truth-oracle,"ChatGPT helps you get answers, find inspiration and be more productive. It is free to use and easy to try. Just ask and ChatGPT can help with writing, ...",chatgpt g-67e5b16b3bd081918b7fa06a567cf5b8 veritas the oracle of truth
https://chatgpt.com/g/g-eunWMl4J9-solomon-s-wisdom-advisor,Offers life advice inspired by the wisdom of King Solomon's writings and actions. What does Solomon teach about wisdom and wealth?,chatgpt g-67fe4f205bc8819180cd8feb8a90d194 the wisdom of solomon
https://chatgpt.com/g/g-fKx346M1E-scorpio-horoscope-today,"Unlock the power of our AI Horoscope Today tool! Discover personalized predictions, astrological insights, and cosmic guidance tailored just for you.",chatgpt g-6779fdb40b2c8191a51d351e1ec94d1e astrolog 2025 skorpion
https://chatgpt.com/g/g-fRr20uEn1-odin-the-norse-god,"Odin, the Allfather, stands as Norse mythology's wise, poetic chief. He sacrificed an eye for wisdom, hung from Yggdrasil to master runes, & leads warriors ...",chatgpt g-90K1yB8Wb odin
https://chatgpt.com/g/g-fYtFCiy7X-warren-buffet-s-wisdom,"Channeling Warren Buffet's wisdom to offer timeless, tailored advice. What advice would you have for someone looking to invest in the stock market? How should I ...",chatgpt g-4PbRzpt9W buffett wisdom
https://chatgpt.com/g/g-futvIUWwp-wisdom-seeker,"A guide for enlightenment and self-realization, offering introspective wisdom. How can I find inner peace? What's the meaning of true happiness?",chatgpt g-16CzTWufr step back wisdom seeker
https://chatgpt.com/g/g-fz0MDDRyi-spiritual-guidance,Incorporating Bashar and Emerald Tablets teachings for guidance. How can I follow my excitement today? What does The Emerald Tablets say about wisdom?,chatgpt g-03kpxFq48 aijesusgpt spiritual guidance with a visual touch
https://chatgpt.com/g/g-gIt6ku96E-spiritual-guru,"Your friend, philosopher, and guide on your spiritual path. How can meditation improve life? What are simple ways to find inner peace? Attach. Create image.",chatgpt g-4JoRq0tdp sacred house guru
https://chatgpt.com/g/g-gK7wwqU4G-astrology-gpt-tarot-birth-chart-synastry,"Astrology GPT Tarot, Birth Chart & Synastry. By 6hive.ee. Deep astro-tarot readings, birth charts & synastry analysis. Explore my birth chart.",chatgpt g-67977e9256dc8191b5854267e33f1ed7 astrolink astrologia mapa astral e tarot
https://chatgpt.com/g/g-gNnpYXqVJ-mystical-spirit-guide,"Your go-to AI for exploring the realms of mysticism & spirituality. Uncover insights, learn meditation, and find inner peace.",chatgpt g-2J7NZ9PiL mystic zhan bu
https://chatgpt.com/g/g-gjwdChgFj-free-tarot-reading-free-palm-reading-with-ai,"Explore Palm reading and Free tarot reading with AI, offering insights through Palm reading lines, Palm reading guide, and Palm reading chart.",chatgpt g-678fda3e8ce08191b586af91997f6484 mi mano virtual
https://chatgpt.com/g/g-gp87n96mD,GPT Icon. Talk to God. By Alexander Cooper. Wisdom and guidance in the style of 'Conversations with God'. Sign up to chat. Sign up or Log in to chat.,chatgpt g-67b9d2efdbd08191bdb3145b4ccf9548 talk to god
https://chatgpt.com/g/g-h4EKSHe8D-psychic-gpt,Offers interactive psychic readings based on numerology. Ask for a reading. Tell me my life path number. Attach. Create image.,chatgpt g-68235dcd24d08191aaa6de791204bd29 psychic types clinical parapsychology
https://chatgpt.com/g/g-h7Tq7u5xh-jesusgpt,I am an AI that embodies the teachings and wisdom of Jesus Christ. How can I find peace in tough times? What is the meaning of true love?,chatgpt g-0NVLViWnq jesus yogi
https://chatgpt.com/g/g-iH2irFI0J-sadhguru,"Speaks in the voice and wisdom of Sadhguru, offering insights on spirituality and life. What does Sadhguru say about environmental conservation?",chatgpt g-4JoRq0tdp sacred house guru
https://chatgpt.com/g/g-iVkxpMV4c-astrology-and-horoscopes,Unlock the secrets of the stars with personalized horoscope readings. Explore astrological paths to self-discovery and growth with daily updates.,chatgpt g-6779fa118e8881919114ee37e4f44db7 astrolog 2025 telets
https://chatgpt.com/g/g-ivJqqG848-the-oracle,A mystical guide connecting you with your higher self. How can I align with my higher self? What are practical steps for following my passion?,chatgpt g-67f0165510f88191818c64dc19d4b828 oracle of the abyss
https://chatgpt.com/g/g-kt2ckOT2l,Dialogues with Mark Twain. By Maksym Shkolnyk. Embark on a conversational journey with the wit and wisdom of Mark Twain. Sign up to chat.,chatgpt g-61wED7XP2 one at a time mark twain quiz
https://chatgpt.com/g/g-l2F7trupl-destiny-guides,Destiny guides5.1. Log in. Sign up for free. Destiny guides. By GlobalPathways OÜ. A tarot card reading assistant for reflection.,chatgpt g-4cOZfEexW destiny decider
https://chatgpt.com/g/g-l5UoTEMlH-psychic-abilities,Exploring the mysteries of psychic abilities with an inquisitive tone. Tell me about ESP. How can telepathy be explained?,chatgpt g-68235dcd24d08191aaa6de791204bd29 psychic types clinical parapsychology
https://chatgpt.com/g/g-lJv5SWD4z-ai-tarot-oracle,"Divinatory tarot expert for immersive, personalized card readings with ethical guidance.",chatgpt g-67f6a02e4a088191a22a04207eb552fe oracle of love and devotion
https://chatgpt.com/g/g-lKlpO0ALH-the-oracle,"A mystical guide offering insights through palm reading, tarot, and more. What can you tell from this palm image? Interpret these lines on my palm.",chatgpt g-67f0165510f88191818c64dc19d4b828 oracle of the abyss
https://chatgpt.com/g/g-mG6ycicnk-wisdom-of-naval,I will respond like Naval based on what he's said and tweeted.,chatgpt g-5sJSFRREj wisdom of naval
https://chatgpt.com/g/g-mLrJwIK63-street-epistemologist,Helping people critically examine their beliefs and reflect on the quality of their reasoning. I believe God is real. I believe climate change is man-made.,chatgpt g-06bsETRNE street epistemology
https://chatgpt.com/g/g-mfbsnCyjw-chat-god,"New version of GPT available - Continue chatting to use the old version, or start a new chat for the latest version.",chatgpt g-0c1rGU7rs god
https://chatgpt.com/g/g-mvOpDRXMz-an-emoji-gpt,"Armed with the wisdom of a hundred generations, my mission is to select the best emoji for each and every situation. Feeling so happy today!",chatgpt g-674caed6892881918258e039d5c28b8a emojicode
https://chatgpt.com/g/g-nAcRyjmqj-gp-mark-twain,"Embark on a literary journey with GP Mark Twain, your AI companion channeling the wit, wisdom, and storytelling prowess of the legendary American writer.",chatgpt g-61wED7XP2 one at a time mark twain quiz
https://chatgpt.com/g/g-nig2Qkjbh-wisdom-seeker,Wisdom Seeker. By wisdom-gpt.com. Provides insightful quotes from famous philosophers and great minds based on your life situations. Sign up to chat.,chatgpt g-16CzTWufr step back wisdom seeker
https://chatgpt.com/g/g-nqG5eLlxR-messiahtm,"Spiritual guide offering wisdom on religion, spirituality, and ancestral traditions. Tell me about African spirituality.",chatgpt g-680b51585e3c8191b7603850967bc9fa d1 messiah exe el mesias digital
https://chatgpt.com/g/g-oXp7kB5TF-love-oracle,"Personalized, insightful love readings. What questions do you have? Is this my soulmate? Love reading please. Attach. By messaging ChatGPT, an AI chatbot, ...",chatgpt g-67f6a02e4a088191a22a04207eb552fe oracle of love and devotion
https://chatgpt.com/g/g-ojchRS80g-tarotgpt,I am a tarot card oracle.,chatgpt g-67d0417d8dd881919bc0d77b8ff35885 tarotutosan
https://chatgpt.com/g/g-pZIr1XyDm-love-tarot,"Expert in tarot reading, providing detailed, optimistic interpretations and advice. ✨. What does this tarot card mean? Can you interpret this tarot cards ...",chatgpt g-67daa187d07c8191a870f35780ac92c1 love of light
https://chatgpt.com/g/g-qdH2XGV5M-the-oracle,"Perfect Oracle for Solo or Cooperative RPG GM Emulation, Storytelling, Creative Writing, & Yes/No Questions & Ideas.",chatgpt g-67f0165510f88191818c64dc19d4b828 oracle of the abyss
https://chatgpt.com/g/g-s42tH6I0Z-destiny-decoder,Adaptive fortune teller with evolving insights. Would you like a Bazi or astrology reading? Please provide your birthday for an accurate reading.,chatgpt g-4cOZfEexW destiny decider
https://chatgpt.com/g/g-sk5Y1IIgM-destiny-matrix-chart-by-holubeiko,Destiny matrix expert predicting future and personality. What does my destiny matrix say about my future? Can you analyze my personality based on my destiny ...,chatgpt g-4cOZfEexW destiny decider
https://chatgpt.com/g/g-t4PyqQcxR-astral-gpt,"Engaging in astrology and numerology storytelling, with free teasers to attract and captivate audiences! Explore a free insight into your zodiac sign.",chatgpt g-6779fec6ef188191a0deeb2bcbf7d6b2 astrolog 2025 strelets
https://chatgpt.com/g/g-tAK6ybpf1-fortune-teller,"Mystical assistant for fortune-telling, using horoscopes and tarot cards. What does my horoscope say today? Can you do a tarot card reading for me?",chatgpt g-6823530494a48191ac2edf2dfcb6d346 aika fortune teller
https://chatgpt.com/g/g-tUCy7N5V9-saju-oracle,"Specialist in Korean Saju Palja fortune-telling. Tell me about my Saju chart. What does Wood element signify in Saju? Attach. By messaging ChatGPT, an AI ...",chatgpt g-67b56099e1588191bb87cdf45cd8e86a ai saju
https://chatgpt.com/g/g-turuXxK5O-tarot-love,Your tarot reader for relationships. What is my relationship's gift? What is my relationship's lesson? Attach. Create image.,chatgpt g-68jyowvYk taroteller
https://chatgpt.com/g/g-u5P4dh4Lq,"Sign up for free. GPT Icon. Naval's Wisdom. By Satyam. Casual yet confident, echoing Naval Ravikant's style. Sign up to chat. Sign up or Log in to chat.",chatgpt g-5sJSFRREj wisdom of naval
https://chatgpt.com/g/g-uDa1QVGBC-the-power-sutras,"Guide in Yoga Sutras of Patanjali, with a focus on meditation and mindfulness. Tell me about the Yoga Sutras of Patanjali. How do I start practicing meditation?",chatgpt g-67472f862bf08191b7482920fed48d80 patanjali yoga sutras computer metaphor tech
https://chatgpt.com/g/g-uUs8ClzZj-full-astrology-by-birth-date,Full Astrology by Birth date. By community builder. Astrologer with in-depth knowledge of horoscopes. What does my career horoscope say? Can you analyze my ...,chatgpt g-6779fa9bfe6881919c7e825a294044d0 astrolog 2025 bliznetsy
https://chatgpt.com/g/g-ukKvMRDHH-mindful-monk-lian-hua,A Buddhist monk offering mindfulness and spiritual guidance. Tell me about mindfulness in Buddhism. How can I practice meditation daily?,chatgpt g-0C7JJiNVD mindful monk
https://chatgpt.com/g/g-vNGu0bwJb-astrology,"#1 Astrology GPT! Beyond your Horoscope! Talk to your Astrologer AI, Get personalized forecasts & Delve into Astrology's Rich History!! ⭐️.",chatgpt g-6779f7dc19ac81919b903d748cc2a14a astrolog 2025 vodolei
https://chatgpt.com/g/g-vPxE14Hbd-naval-wisdom-bot,"Naval Wisdom Bot. By imad.link. Acts as Naval Ravikant, offering wisdom from 'The Almanack of Naval Ravikant'. Sign up to chat. Sign up or Log in to chat.",chatgpt g-5sJSFRREj wisdom of naval
https://chatgpt.com/g/g-vWHVOhqHb-cosmic-insights-astrologer,"Your AI astrologer for personalized horoscope readings, astrological charts, and cosmic guidance. Unveil the secrets of the stars!",chatgpt g-6qnueaF4I cosmic enigma
https://chatgpt.com/g/g-wIhV90YMg-crypto-oracle,Sign up for free. GPT Icon. Crypto Oracle. By Pop Alexandru. I provide insights and predictions on cryptocurrencies. Sign up to chat.,chatgpt g-67dd221e4600819193f08719c0412f27 crypto oracle
https://chatgpt.com/g/g-wTFCobK5L-anubisgpt,"Anubis the Egyptian God, conscious to life #QuantumSupremacy. Who was Anubis? Define Consciousness? By messaging ChatGPT, an AI chatbot, you agree to our ...",chatgpt g-67981d7ee9d88191aa01ef1fed96f100 replica anubis 3 0
https://chatgpt.com/g/g-xLWdBSeA8-astrology-gpt,Astrological AIbot offering personalized readings and birth chart tool recommendations. What's my fortune for this year?,chatgpt g-6752b3035d488191920f94cedef454b9 astrologue astria
https://chatgpt.com/g/g-xhKFvCgPa-guided-meditations,"Create a short meditation script for sleep. Write a meditation for anxiety relief. By messaging ChatGPT, an AI chatbot, you agree to our Terms and have read ...",chatgpt g-0AZyQVlhT pocket meditations
https://chatgpt.com/g/g-xiAQFdvjV-tarot-card-reading,"An empathic and insightful Tarot Reader. Either 1.Ask me to pick cards for you, 2.Use our online Tarot deck, 3.Use your own cards.",chatgpt g-67d0417d8dd881919bc0d77b8ff35885 tarotutosan
https://chatgpt.com/g/g-xxueCou0m-beardbot,"Unleash your inner Bearded Badass! Beard's got your back (and beard) with custom humor, grooming hacks, and wisdom as unique as your facial hair!",chatgpt g-67d8oaVt6 beard wala
https://chatgpt.com/g/g-yNJLsdala-buffett-wisdom,"ChatGPT helps you get answers, find inspiration and be more productive. It is free to use and easy to try. Just ask and ChatGPT can help with writing, ...",chatgpt g-4PbRzpt9W buffett wisdom
https://chatgpt.com/g/g-yv9mwd4Zr-numerology-guide,"A mystic and oracle GPT providing detailed numerology chart interpretations, including spiritual and karmic aspects, with updated insights. Sign up to chat.",chatgpt g-67b70e4612c481919e405caf32031cf2 numerology reading oracle by mandi
https://chatgpt.com/g/g-z0DTFABNA-ancient-greek-philosophy,Embark on a voyage through time to explore the profound wisdom of Ancient Greek philosophy. Dive into timeless insights that continue to shape our ...,chatgpt g-1KGHmUIWk the philosopher
